1;Infraestructuras  Los mesones son muy antiguos  muy poco espacio  no hay suficiente computadores y eso atrasa tanto a los doctores para evolucionen a los pacientes y los especialistas que vienen a ver a los pacientes en sala  se cae el internet   la seÒal es lenta  las salas son deprimentes para ser un servicio pedi·trico deberÌa ser m·s alegre con colores c·lidos  que los niÒos tengan con que jugar mientras est·n hospitalizados   falta juegos did·cticos para la mayorÌa  los baÒos de los pacientes sean adecuados para los niÒos y hay muy pocos solo 1 el otro lo ocupan para pacientes de sospecha covid no es suficiente  hay solo 1 ducha para tantos pacientes  no hay suficiente insumos para la atenci√≥n de los pacientes pedi·tricos muchas veces la enfermera tiene que pedir a otro servicio   las camas ...hay varias malas   no suben el respaldo y no bajan bien las barandas o se bajan solas y eso es un peligro para los niÒos pequeÒos  hay poco personas y los que est·n tienen que realizar horas extras volviendo a trabajar los salientes o no tener el libre para cubrir otro turno y eso es m·s carga laboral para los trabajadores que tienen que estar en buenas condiciones y descansados para llegar bien en su turno y asÌ≠ igual disfrutar de sus familias ya que todos tienen familia y hacen planes y tienen que suspenderlos porque nos llaman para trabajar en otro turno  eso cansa a la larga y hacen que sus trabajadores tengan licencias mÈdicas por carga laboral  las salas las residencias dan mucho  las horas de los especialistas   ex·menes de imagen e i interconsultas se demoran muchÌsimo afectando a que el paciente est·© semanas hospitalizado sin una soluci√≥n no est·n tomando en cuenta cundo un paciente pedi·trico agrede al personal...solo dejan constancia y no hacen nada al respecto al igual si amenaza tanto el paciente o el familiar al personal de salud no hacen nada. 
2;1. Falta critica de espacios para padres y pacientes, no existe un lugar adecuado para las entrevistas de padres para dar malas noticias, para conversar temas delicados como en pacientes psiquiatricos. No hay un lugar donde los niÒos cronicos puedan hacer otras actividades, ni continuar con sistema escolar. 2. Falta espacio para desarrollar actividades del personal, mucho hacinamiento, no es posible siempre mantener el distanciamiento, estaciones de trabajo administrativo juntos y escasos para la cantidad de personal y tareas que se deben realizar. 3. Residencias de funcionarios en malas condiciones, sobre todo la de auxiliares, se ha pedido su reparacion muchas veces. Residencias de tens en mal estado, piso suelto, paredes con hongos, etc. Enfermeras sin residencia, ocupamos espacio en cirugia infantil.  4. Pediatria absorbe toda la demanda del bloque en muchos aspectos, por ejemplo pacientes en espera de diagnostico oncologico, pacientes de mayor complejidad que no tienen cupo en uci, etc generando estres en funcionarios que no siempre es bien manejado. 5. No somos prioridad para el hospital, salvo que ocurra algun evento de mayor connotacion publica, lo que genera una sensacion de frustraciÛn en el equipo, de que pese a trabajar bien y metodicos, no somos prioridad. 6. Falta mejorar comunicacion entre estamentos, si bien es mejor que antes, que falta optimizar y mejorar los canales de comunicacion. 7. Los insumos que el hospital prioriza, no siempre se adecuan a nuestros requerimientos, hay que gestionar aparte muchas veces lo que genera retrasos en las entregas. 8. Pocas instancias de capacitacion orientadas a pactes pediatricos para todos los estamentos. Si se requiere algo debemos hacerlo nosotros mismos. 9. Existe desconocimiento de la real.complejidad del servicio, ya que no existe un estandar especifico para pacte pediatrico, por lo que muchas veces somos subestimados y hemos sido cuestionados por la.cantidad de funcionarios que tenemos. A veces esto tampoco se ve por parte de otros servicios pediatricos. 10. Equipamiento viejo que ya cumplio su vida util, no se ha podido gestionar reposicion en la espera del proyecto que aun no es posible concretar. 
3;Espacio reducido, lo que dificulta la comodidad de niÒos y padres, sobre todo madres de lactantes y acompaÒamientos de 24 hrs. BaÒo de padres, no es digno ya que no tiene ducha y es pequeÒo, alejado del servicio. Residencias del personal en malas condiciones. 
4;Falta una sala para atenci√≥n de padres y entrega de informaci√≥n, con el fin de poder conversar m·s extensamente con menos interrupciones. Sala de procedimientos: al realizar procedimientos debemos hacÈrselo enfrente del resto de pacientes y eso tambiÈn entorpece las visitas.
5;1. Espacio disminuido esto  limita  cantidad de niÒos a recibir en pediatrÌa. Los padres  tienen lugar s√≥lo para una pequeÒa silla aunque los acompaÒen en la noche. 2. La falta de baÒos en buen estado para funcionarios.. Y la falta de baÒo y un lugar donde padres que est·n todo el dÌa puedan comer. 3. Salas especÌficas para pacientes psiquiatricos     para evitar riesgos..    PediatrÌa se encuentra en un rinc√≥n de este Hospital, llevamos aÒos esperando  un Hospital  de niÒos. 
6;* Sobrecarga de pacientes por cada enfermera/o, los niÒos requieren de m·s dedicaci√≥n, en ocasiones no hay tiempo suficiente para entregar los cuidados completos. * Poco trabajo en equipo, falta personal mucho m·s comprometido en la recuperaci√≥n del paciente, al no tenerlo, aumenta la cargar laboral de quienes se comprometen por el niÒo. * Aumento de trabajo administrativo, esto disminuye el tiempo de los cuidados directos con el paciente y su familia.
7;Infraestructura deficiente, espacio muy reducido, falta de baÒo para padres, falta de un lugar exclusivo para pacientes psiqui·tricos. 
8;la infraestructura : poco espacio entre pacientes en las salas. aglilizar proceso de.alta del paciente desde proceso mÈdico ,some ya que el horario que no hay admisora es prolongado a veces y retrasa el alta 
9;Sillas inc√≥moda para padres ,en especial madres que amamantan  , salas feas paredes y pasillos que no alegran a nadie en especial al niÒo que viene triste a hospitalizar y baÒo digno para padre no un caj√≥n que les habilitaron .deben construir un mejor servicio para niÒos m·s alegre , que este alegre  en un lugar donde lo ayudaran. 
10;1. Considero que  PEDIATRIA deberÌa tener un lugar o personal encargado de poder entretener a los niÒos. Muchas veces no hayamos con que entretener a los niÒos o llevamos l·pices o libros para pintar y que salen de nuestro bolsillo. Considero que hay muy poca preocupaci√≥n en ese sentido. Para que la hospitalizaci√≥n de los niÒos pueda ser un poco m·s entretenida y no traumante ,  (una parvulario en el servicio es muy poco )Y lo principal el tema de la infraestructura creo que deberÌamos ase el servicio m·s lindo y acogedor del hospital y lamentable no es asÌ≠.. 
11;1. Falta de materiales (m·s jarros, escobas, palas, etc). 2. M·s supervision en el aseo en los turnos de noche (toallas a medio reponer, residencias sin hacer y altas pendientes para el turno entrante). 3. Tr·mites en las altas (muchas veces el paciente se va al tope de nuestro horario por la mala gesti√≥n en el tema de los traslados o entrega de medicamentos) 
12;indicaciones medicas incompletas. retrasa la atenci√≥n oportuna. Retraso de entrega de despacho de medicamentos, retrasa la administraci√≥n de medicamentos seg˙n horario, o las altas medicas. faltas de insumos clÌnicos, retrasa atenci√≥n 
13;_  Con un total de 34 cupos pediatricos entre lactantes , preescolar y escolares solo se encuentre disponible 4 baÒos y 1 ducha  para el total de niÒos. Se ve afectada su necesidad de eliminacion e higiene. _  Box de procedimiento. No existe en nuestro servicio los cuales ( punciones lumbares , mielogramas) se estan realizando en la sala y en situacion de no pandemia en servicio de oncologia. Se ve alterada la necesidad de privacidad del paciente. _  Infraestructura. Renovar  mobiliario ( veladores). Disponer de mas mesas de alimentacion. Pintar el servicio. Mas iluminado y con detalles infantiles. Sala de juegos Para que sea un lugar mas acogedor para los niÒos.  _ Sala de reuniones. No existe en el servicio , la cual puede servir para:  Reuniones  de todo estamento . Para entregarle informacion a los padres , cada niÒo tiene un diagnostico reservado por lo cual la informacion debe ser entregada en un lugar adecuado no en el pasillo. _ Sala de estar para padres. Despues de que termine la pandemia se retomara  HOSPITAL AMIGO  y no existen las condiciones para que los padres permanezcan tantas horas en el servicio y al igual que todos tienen derecho a una colacion respetuosa. 
14;1.Se requiere sala de entrevistas para entrega de informaci√≥n delicada a padres o tutores para favorecer la privacidad y  2. Hospitalizaci√≥n en pediatrÌa de pacientes con dgco.de salud mental por falta de cupos en hospital psiqui·trico, infraestructura  espacio y personal no capacitado ni suficiente para una adecuada atencion alterando el orden, la tranquilidad y la salud mental del resto de los pacientes y funcionarios. 3. Falta de espacio  e infraestructura no adecuada a un servicio pedi·trico, decoraci√≥n en muros de salas y pasillos para una estadÌa m·s grata. Sala de espera con mobiliario insuficiente y en mal estado.
15;"1- Entrega de turno delante de pacientes: Tanto de enfermeras, enfermeros y tÈcnicos paramÈdicos delante de ellos,  afecta el estado de ¡nimo en los niÒos, niÒas y adolescentes,  no comprenden bien lo que escuchan, lo interpretan a su manera y asÌ lo transmiten a su familiar adulto responsable cuando llega a visitarlo. Adem·s, quedan preocupados por su condici√≥n de salud y su futuro hospitalario.  2- Entrega de informaci√≥n a pap·s, mam·s y o adulto responsable del paciente: Cuando llegan a hospitalizarse se les entrega mucha informaci√≥n al momento que est·n organizando sus cosas personales y muchas veces no comprenden todo lo que se les dijo en ese momento. 3-  Comentarle al niÒo-a de su ""posible"" alta: Algunas veces se le dice al niÒo o niÒa que se ir·° de alta al dÌa siguiente o le dan el n˙mero de dÌas que estar·° hospitalizado,  los niÒos-as van contando los dÌas y est·n al pendiente de la llegada de ese momento, siendo que muchas veces no se cumple (por razones obvias), pero a ellos les cuesta entenderlo. 4- ¡rea Educaci√≥n  Parvularia: Considero que hace falta una Asistente en educaci√≥n parvularia como apoyo para el trabajo pedag√≥gico y recreativo con lactantes, niÒos, niÒas y adolescentes, junto con un espacio fÌsico adecuado. Esta labor es de gran importancia y apoyo para los lactantes, niÒos, niÒas y adolescentes,  ya que les ayuda a mejorar su estado de ¡nimo, acortar su dÌa, distraerse, aprender y estar acompaÒados tanto fÌsica como emocionalmente, lo que es muy significativo para ellos y para sus familiares. "
16;Encuentro que la ducha que es de los pacientes se encuentra en mal estados.. Y eso dificulta que se pueda realizar de buena manera. Lo otro son algunas camas y cunas que est·n en mal estado que cuesta poder bajar la baranda y en caso de apuro o emergencia se dificulta. Y por ⁄ltimo no se si es malo pero si es deprimente el color de pintura del servicio como antiguo se podrÌa cambia el color a algo m·s alegre ya que son estadÌas largas 
17;1.- Falta de espacio fÌsico y acondicionamiento de las salas: Esto afecta al realizar una atenci√≥n en donde es necesario movilizar al paciente, sobre todo cuando las salas est·n con la mayorÌa de los cupos ocupados. Al mismo tiempo pone dificulta mantener los espacios necesarios para evitar contacto frente a IAAS.  2.- Falta de espacios comunes: Como por ejemplo oficinas para atender y entrevistar a padres, residencias para todos los estamentos con espacios adecuados, estaciones de enfermerÌa y clÌnicas. 3.- Implementar todas las salas con sistemas de aspiraci√≥n y gases con circuito cerrado, para favorecer procesos como la terapia kinÈsica y la toma de examenes, actualmente se cuenta con bombas de aspiraci√≥n port·tiles, que son poco pr·cticas. 4.- Implementaci√≥n de sala de clases y estimulaci√≥n temprana: Actualmente no existe una sala donde la educadora de p·rvulos pueda llevar a cabo sus actividades asÌ como tampoco una sala implementada para la estimulaci√≥n de lactantes y preescolares. 5.- Sala de reuniones para realizar reuniones multidisciplinarias: las reuniones con distintos miembros del equipo se deben desarrollar en oficinas o en los pasillos. 
18;Infraestructura, espacios demasiado  reducidos. BaÒo para los padres. Lugar exclusivo para pacientes psiqui·tricos. 
19;BaÒos para papas ( por quÈ©  a veces ocupan los baÒos del personal y no es la idea por posibles contagios). Mejorar infraestructura del servicio ( solo Por est·tica para que se vea m·s lindo y nuevo). Tener espacios m·s amplios ( clÌnicas m·s grandes )
20;falta implementaci√≥n de espacios e instancias de participaci√≥n de padres en el cuidado de los niÒos, mayor educaci√≥n y preparaci√≥n para evitar complicaciones. falta de actividades recreativas para niÒos que pasan una larga estadÌa hospitalizados. falta preparaci√≥n del personal para enfrentar casos de pacientes con patologÌas psiqui·tricas o casos en que se determinan problemas sociales y/o familiares que conllevan a la intervenci√≥n judicial.
21;Infraestructura inadecuada, esto es porque los padres se podrian sentir mas comodos y agradados,no hay sillones para las madres que amamantan por ej y que deben permanecer muchas horas en el hospital. A veces poca comunicacion en equipo, de tal forma que los padres no tienen una retroalimentacion adecuada del estado de sus hijos, por parte del estamento medico. Escaso compromiso de parte de todo el equipo, se hace solo lo necesario. 
22;Infraestructura inadecuada, esto es porque los padres se podrian sentir mas comodos y agradados,no hay sillones para las madres que amamantan por ej y que deben permanecer muchas horas en el hospital. A veces poca comunicacion en equipo, de tal forma que los padres no tienen una retroalimentacion adecuada del estado de sus hijos, por parte del estamento medico. Escaso compromiso de parte de todo el equipo, se hace solo lo necesario. 
23;M·s cupos para pacientes y sillones para padres para que el hospital sea amigo, alimentaci√≥n para todos los padres con caso social, m·s insumos y mejor infraestructura para entregar una salud de calidad y mejora al paciente. 
24;"1. Falta de espacio adecuado para la atenci√≥n. Tanto en clÌnicas para almacenar insumos, f·rmacos, preparaci√≥n de medicamentos, divisi√≥n de ¡rea limpia con ¡rea sucia, entre otros 2. Calidad de la infraestructura. M·s all·° de que el edificio tenga cierta antig√ºedad, hace falta remodelaci√≥n de los espacios para que todas las unidades tengan redes de oxÌgeno, mejor iluminaci√≥n e incluso mejor ventilaci√≥n. Es ideal que cada unidad tenga luz propia en caso de requerir hacer procedimientos, donde la luz de la sala es insuficiente.  3. Falta de equipamiento como bombas de infusi√≥n, porta sueros, cunas y camas de mejor calidad, para cumplir con los requerimientos del servicio. Falta de carro de procedimiento donde se pueda tener todo el material necesario a mano para realizar procedimientos b·sicos en el quehacer de enfermerÌa. 4. Dificultad para el uso de sistema Sinetsur. Se pierde mucho tiempo durante el turno haciendo tareas administrativas en el sistema, que pueden ser completamente evitables. La plataforma requiere de muchos pasos para hacer traslados de pacientes de un servicio a otro, o directamente para hacer ingresos o egreso del servicio.  Las atenciones de interconsultores no quedan registradas en el registro mÈdico habitual sino en ""respuesta a interconsulta"" lo que a veces hace fallar el flujo en la atenci√≥n, se pierde informaci√≥n relevante en algunos casos. 5. Solicitud de sueros podrÌa ser entregada como pedido de insumos. Muchas veces se requiere alg˙n tipo de suero que no se encuentra disponible en el Servicio y el mÈdico debe hacer receta, la cual debe ser cobrada en farmacia. Esto puede retrasar la atenci√≥n, que podrÌa ser mucho m·s fluida si nos encarg·ramos como Servicio de abastecernos de todo tipo de sueros seg˙n necesidades especÌficas. 6. Hospitalizaciones desde policlÌnicos deberÌan ser protocolizadas. La mayorÌa de los ingresos desde policlÌnicos son irregulares: pacientes llegan directo al servicio sin solicitud de hospitalizaci√≥n, sin brazalete de identificaci√≥n, sin ex·menes previos, sin aviso de quien deriva, a veces ni siquiera el mÈdico de turno est·° informado del caso. Se debe protocolizar que todo niÒo que se hospitaliza por esta vÌa debe venir completamente preparado (con ex·menes tomados, con papeleo listo, solicitud de hospitalizaci√≥n, indicaciones del mÈdico especialista que hospitaliza, entre otras). Un ejemplo simple es ver c√≥mo se realizan las hospitalizaciones desde policlÌnico de oncohematologÌa infantil. El paciente sube a hospitalizarse con ex·menes tomados, con recetas de medicamentos necesarias, con indicaciones mÈdicas claras. Esto evita pÈrdida de tiempo en tr·mites administrativos que deben hacerse temprano y que muchas veces impiden la entrega de atenci√≥n oportuna y adecuada a los niÒos. 7. Falta de baÒos y duchas de calidad, tanto para pacientes como para el personal. Sinceramente los baÒos disponibles en el servicio son indignos, no hay otra forma de describirlos. 8. Falta de recept·culos de elementos corto punzantes en las salas. El riesgo de accidente corto punzante se disminuir· bastante si hubiera en todas las salas un recept·culo de pared en cada sala, asÌ el personal no tendrÌa que pasar por todo el servicio hasta la clÌnica donde elimina dichos desechos."
25;"Falta de espacio en mesones y computadores para uso del personal. Muchas veces se encuentran todos los computadores en uso por parte de personal mÈdico y cuesta tener acceso al sistema para imprimir indicaciones mÈdicas, lo que retrasa la atenci√≥n oportuna. Sumado a esto, deberÌa existir al menos 1 impresora m·s en el servicio. Falta de insumos para toma de muestra para paciente pedi·trico. No siempre hay disponibilidad de tubos pedi·tricos para muestras sanguÌneas lo que provoca rechazo de muestras por insuficiencia, siendo que existen tubos pequeÒos pero no hay disponibilidad de ello. Residencia de enfermerÌa se encuentra muy alejada del Servicio. Se necesita una residencia dentro del lugar, debido a que puede haber emergencias mientras el enfermero est·° en colaci√≥n y no es adecuado que se encuentre en otra dependencia. Falta de monitores multipar·metros para pacientes que requieran monitorizaci√≥n continua por largos periodos. Al ser una unidad que se ha ido complejizando, en su mayor parte corresponde a cuidados medios, donde pacientes requieren monitorizaci√≥n continua, sin embargo los equipos disponibles no dan abasto para los requerimientos. Durante la pandemia se ha visto reflejada la falla en la calidad de las puertas de las salas de aislamiento, que no cierran del todo a pesar de las ""reparaciones"" que realizan. Se requiere mejoramiento en la estructura de las salas, con puertas correderas que no impidan la salida de camas clÌnicas por su tamaÒo. "
26;Mala infraestructura del servicio de pediatrÌa, salas pequeÒas sin espacio suficiente para cada niÒo, sin puertas que abran de una manera factible las camas no caen por las puertas y las salas de aislamiento est·n mal posicionadas ya que no se puede sacar una cama de urgencia del cupo 3, diseÒo antiguo y poco acogedor, deberÌa haber m·s prioridad del hospital para los niÒos de pediatrÌa, poco personal tanto de enfermerÌa como tens para la atenci√≥n de los pacientes. DeberÌa haber mayor capacitaci√≥n de los procedimientos y patologÌas m·s comunes para el personal. 
27;Falta de insumos.. Mas trabajo en equipo (comunicaci√≥n) Rotaci√≥n mas permanente
28;*Tardanza en el despacho de recetas de alta Produce stress al usuario,la espera de su receta,la que en algunos casos pasa las dos horas *Larga espera para procedimientos que requieren ayunos del paciente Genera llanto,la larga espera para los procedimientos de imagenologia, pabell√≥n,etc,en muchas ocasiones son programados posterior a las 11:00 am ,por lo que se mantiene la no ingesta alimentaria Y en muchas ocasiones se no se realizan y reprograman  *Tardanza en evaluaciones de interconsulores  Esto prolonga hospitalizaci√≥n,pues se espera estas evaluaciones,para el avance de tratamientos y altas
29;1)MALA ILUMINACI”N EN LAS SALAS 2)FALTA DE MONITORES  3)NO XISTE FINANCIAMIENTO  PARA POST GRADOS O PERFECCIONAMIENTO PARA PROFESIONALES DE ENFERMERÕA. 
30;1)  Falta de monitores y/o mangos para controles de signos vitales  2)  Falta de pesas  y pod√≥metros 3) Falta de morteros 
31;Ascensores muy antiguos y daÒados.  Una salita de estar para padres donde puedan calentar sus alimentos y servirlos en tranquilidad  . 
32;Faltan pod√≥metros ,ya q hay uno solo y al momento de pesar a los niÒos en la maÒana dificulta esta acci√≥n ,adem·s el que hay se ocupa en sala de aislamientos y no corresponde. Faltan un  baÒo para los padres, se sugiere hasta una ducha para ellos, ya que hay algunos papas por situaci√≥n de hospitalizacion prolongada deben quedarse ac·° en el hospital, de no tener buena higiene hasta su salud se verÌa afectada. DeberÌa estar dividido el servicio en lactante, preescolar y adolescente, ya que,  que a los niÒos mas grandes les molesta el llanto de los bebes. Y asÌ el servicio de pediatrÌa estarÌa mas ordenado. 
33;el espacio fÌsico reducido no contamos con kinesiologos cuatro turno salas de aislamientos con baÒos
34;equipos en mal estado  mejoramiento en la infraestructura mejoramiento y mas cantidad de baÒos para los pacientes 
35;Falta de equipos para el control de signos vitales y/o monitorizaci√≥n Falta de pesas para poder realizar un adecuado registro de ingresos y egresos, y antropometrÌa. Actualmente no existe una por sala, personal debe dirigirse a otra sala donde se encuentra pesa, a pesar ya sea comida o paÒales, corriendo el riesgo de una correcta desinfecci√≥n.  Falta de sala de recreaci√≥n para niÒos , de lactantes hacia arriba, de esta manera de podrÌa ayudar a apaciguar sentimientos negativos que est·n relacionados con la hospitalizaci√≥n.  
36;La falta de baÒos para el personal de salud, pacientes y padres son indignos, no hay y lo poco que hay no tiene espacio ni duchas decentes, considerando que es una necesidad b·sica para el ser humano Las cunas y camas est·n deterioradas y por ende son un riesgo de caÌdas y lesiones tanto para el paciente como el personal, deberÌan ser m·s ergon√≥micas para su atenci√≥n en caso de emergencia y uso diario.  Todas las salas deberÌan tener red de oxÌgeno, aire comprimido y red de aspiraci√≥n, para cualquier urgencia y necesidad inmediata. 
37;* Monitor, en mal estado y no tiene los mangos para presi√≥n arterial adecuado para pacientes. * las salas no est·n adecuadas para que los pacientes esten con sus padres por falta de inmobiliario, espacio. * los baÒos de los pacientes y personal no son los suficiente, y se encuentran en mal estado. *el servicio de pediatrÌa se encuentra muy abandonado, necesita un mejoramiento completo.  * las residencia del personal est·n en malas condiciones no cuenta con los implementado necesarios y espacio suficiente 
38;"Traslado de pacientes inestables a UCI/UTI deberÌa protocolizarse de acuerdo a las verdaderas necesidades de los pacientes pedi·tricos. Muchos pacientes de cuidado se encuentran en salas b·sicas siendo que necesitan monitorizaci√≥n y cuidados de mayor complejidad y son rechazados por ""no cumplir criterios"" sin embargo se espera a que su estado empeore para hacer el traslado, en vez de tratar antes de que ocurran complicaciones o agudizaciones de su cuadro. Es inaceptable esperar a que se deteriore el estado de un paciente para reciÈn tomar cuidados de mayor complejidad, sabiendo que se pueden evitar complicaciones futuras si se toman las medidas necesarias antes."
39;1.- Falta de inmobiliario     no se cuenta con inmobiliario adecuado o muchas veces est·n en mal estado ya sea veladores, camas, sillas. Lo cual dificulta la comodidad de los pacientes y familia. 2.- Infraestructura ya que se encuentra con pisos, paredes en mal estado, adem·s de falta de terminaciones elÈctricas, mal funcionamiento de aire acondicionado o calefactores lo que le hace una estadÌa mas desagradable y deprimente a cada paciente 3.-  Falta de espacio  no se cuenta con el espacio suficiente para cada paciente y familiar adem·s de no contar con la cantidad necesaria de baÒos o duchas, y no se encuentran baÒos para los padres en el servicio teniendo que salir de este.
40;1.- Falta de baÒos y duchas para los pacientes o familiares    Ya que actualmente solo se cuenta con un baÒo y una ducha para todos los pacientes del servicio, teniendo que esperar para su uso. Y no cuenta con baÒos para los familiares teniendo que salir del servicio.  2.- Falta de equipos       no se cuenta con los equipos necesarios para cada paciente teniendo muchas veces que utilizar un equipo para cada sala, adem·s de no contar con mangos de presi√≥n acorde para cada edad o contextura ni term√≥metros suficientes. 3.- Falta de sala para pacientes psiqui·tricos  no se cuenta con una sala apta para este tipo de pacientes teniendo que tratar de acomodar la mejor sala para ellos muchas veces sacando objetos que puedan usar para atentar con su vida, ya sean equipos, porta sueros. adem·s de tener que ocultar tijeras, jeringas, agujas. 
41;Traslado de pacientes ingresados desde el servicio de urgencia hacia pediatrÌa. Esta acci√≥n es realizada por auxiliares de servicio, sin las competencias para atender cualquier eventualidad asociada a la condici√≥n de salud alterada del niÒo/a que se hospitaliza. Esto afecta la seguridad del paciente durante su traslado y la calidad de la atenci√≥n en caso de ser requerida. Traslado de pacientes a otros establecimientos de salud o a domicilio. Generalmente implica tiempos de espera prolongados (horas o dÌas) debido a que dependen de la red SAMU o de compra de servicio a empresas externas. Esto afecta la calidad de la atenci√≥n entregada y percibida por el usuario, mantiene la ocupaci√≥n de una cama por m·s tiempo del necesario, pudiendo retrasar la atenci√≥n de otros pacientes Alimentaci√≥n para pacientes fuera de horarios establecidos de entrega de comidas. Los pacientes que ingresan despuÈs del horario establecido para la entrega de alimentos s√≥lo pueden optar a la entrega de leche durante la noche independiente de la edad, lo que lleva a tener que autorizar la ingesta de alimentos procesados/envasados traÌdos por los padres. Esto afecta la satisfacci√≥n de la necesidad y derecho de alimentaci√≥n segura y saludable para optimizar la recuperaci√≥n del estado de salud Ingresos desde policlÌnico pediatrÌa o policlÌnico neurocirugÌa infantil. En reiteradas ocasiones la coordinaci√≥n de los ingresos de estos policlÌnicos al servicio de pediatrÌa es nula, deficiente o no informada de forma oportuna, lo que conlleva a hospitalizaciones de pacientes que deberÌas ser programados y terminan siendo  inesperadas para el equipo de pediatrÌa, debiendo resolver inconvenientes sobre la marcha. Esto afecta la entrega oportuna de la atenci√≥n clÌnica de los pacientes a hospitalizar, adem·s significa destinaci√≥n de tiempo para realizar las gestiones correspondientes por parte del personal clÌnico de enfermerÌa que tiene otros pacientes a su cuidado  Ausencia de kinesi√≥logo en las noches. El servicio de pediatrÌa no cuenta con profesional de kinesiologÌa en las noches (los fines de semana y festivos las horas en el dÌa son considerablemente menos que en dÌas h·biles) lo que conlleva a la no realizaci√≥n de kinesioterapia respiratoria o el retraso de esta cuando un paciente requiere con menor, mayor o inmediata urgencia dicha prestaci√≥n. Esto afecta la calidad de la atenci√≥n entregada, podrÌa retrasar la recuperaci√≥n o inclusive causar un deterioro del estado de salud. AcompaÒamiento continuo. Hay pacientes que por diferentes motivos (edad, lactancia materna exclusiva, necesidades especiales o enfermedades avanzadas en cuidados paliativos) requieren justificadamente acompaÒamiento continuo por parte de su madre, padre o cuidador principal. El servicio de pediatrÌa no cuenta con el mobiliario mÌnimo para que un adulto pueda acompaÒar por 24 horas a un menor hospitalizado. Actualmente deben realizar esta acci√≥n en una silla com˙n y corriente (en la cual deben dormir), sin un espacio fÌsico donde puedan calentar comida o agua, no hay duchas destinadas a estas personas, los baÒos destinados son m·s que deficientes y compartidos con los acompaÒantes de pacientes de otros servicios clÌnicos. Esto afecta la calidad de la atenci√≥n entregada y percibida por el usuario, afecta el estado de salud fÌsica y emocional de los acompaÒantes. Acceso a residencia para padres de comunas lejanas y sin redes de apoyo en la zona. Existe una residencia a la cual pueden acceder vÌa derivaci√≥n a asistente social, el problema de esto es que esta coordinaci√≥n s√≥lo es posible en horario h·bil. Esto afecta el acceso de los padres a realizar la visita o acompaÒamiento de sus niÒos/as hospitalizados, debiendo recorrer diariamente largas distancias o no poder realizar la visita todos los dÌas. Ausencia de sala de reuniones. No se dispone de sala de reuniones para el servicio clÌnico de pediatrÌa, la cual es necesaria para realizar actividades como: Reuniones clÌnicas del equipo multidisciplinario para definir manejo de pacientes complejos Reuniones privadas con los padres de los pacientes (entrevistas, entrega de informaci√≥n sensible) Educaciones para los familiares de los pacientes hospitalizados Conferencias y capacitaciones para el personal del servicio de pediatrÌa Esto afecta negativamente la entrega de informaci√≥n y educaci√≥n en salud para las familias. TambiÈn dificulta la gesti√≥n de capacitaciones o actualizaciones para funcionarios del servicio, la cual es necesaria de forma constante considerando que PediatrÌa es una especialidad dentro de las ciencias de la salud y est·° en constante actualizaci√≥n. Falta de psic√≥logo/a perteneciente al servicio de pediatrÌa. La hospitalizaci√≥n de un niÒo/a es un evento estresante no normativo para …l y su familia. La gesti√≥n de apoyo psicol√≥gico para padres/madres es dificultosa debido a que la falta de este profesional dentro del staff de personal de nuestro servicio requiere apoyo de otras unidades. Esto afecta el estado emocional de los acompaÒantes que no reciben atenci√≥n tan oportuna como deberÌan. Traslados a unidades de paciente crÌtico pedi·trico (UTIP/UCIP). La falta de estandarizaci√≥n de criterios de indicaci√≥n mÈdica de traslado a UTIP/UCIP conlleva a que en ocasiones existe demora en la indicaci√≥n de traslado de pacientes en condici√≥n potencial o francamente crÌtica de salud. Esto afecta la seguridad de los pacientes y la calidad de la atenci√≥n de cuidados intensivos que requieren estos pacientes en particular. Hospitalizaciones de niÒos/as y adolescentes con enfermedades psiqui·tricas. Este tipo de paciente requiere hospitalizaci√≥n en la unidad de cuidados intensivos psiqui·tricos infantojuvenil de corta estadÌa del servicio de psiquiatrÌa del hggb, el cual posee un n˙mero de cupos limitado y muy menor a sus requerimientos, lo que resulta en hospitalizaciones prolongadas en el servicio de pediatrÌa en espera de cupos. Estos pacientes en gran medida tienen alto riesgo de auto o heteroagresi√≥n, requieren vigilancia continua 24 horas del dÌa, una cantidad considerable presenta agitaci√≥n psicomotora que requiere contenci√≥n en todos sus niveles (la cual requiere entrenamiento especializado para realizarse) y algunos presenta ideaci√≥n suicida con o sin planificaci√≥n. El espacio fÌsico no est·° diseÒado ni habilitado para la atenci√≥n tan especÌfica que requiere este tipo de pacientes y tampoco el personal ha sido planificado para el manejo tan especÌfico de estos. Esto afecta la seguridad de estos pacientes, la calidad de la atenci√≥n especializada que requieren, vulneraci√≥n del derecho a una atenci√≥n mÈdica adecuada. Infraestructura antigua de las salas y ¡reas clÌnicas, las que presentan m˙ltiples deficiencias para los requerimientos actuales (pintura, ventanas/ventilaci√≥n, red central de oxÌgeno, espacio dentro de las salas). Mobiliario antiguo y desgastado por uso prolongado (camas clÌnicas, cunas, veladores, mesas). Esto afecta el ambiente terapÈutico necesario para la atenci√≥n de salud de la poblaci√≥n pedi·trica, adem·s de dificultar la atenci√≥n que entrega el personal de salud. Ausencia o poca cantidad de equipamiento: Cantidad insuficiente de manguitos de presi√≥n arterial en sus diferentes tamaÒos para los rangos de edad pedi·trica Monitores no invasivos antiguos sin baterÌas funcionales Falta de balanzas pequeÒas para realizar mediciones de pequeÒos vol˙menes de alimentos u otros elementos Pocos y antiguos equipos b·sicos para realizar antropometrÌa: pod√≥metro o infant√≥metros, tall√≠metros, balanzas.  Esto hace m·s engorrosa la entrega de la atenci√≥n de salud con la calidad necesaria. La medici√≥n antropomÈtrica es fundamental en pediatrÌa ya que la talla y peso es parte de la evaluaci√≥n clÌnica e inclusive el peso es indispensable para que el equipo mÈdico indique la terapia farmacol√≥gica. Adem·s la monitorizaci√≥n no invasiva es una acci√≥n frecuente y fundamental para el manejo de pacientes complejos. Escasa disposici√≥n de material recreativo y educativo para los niÒos/as hospitalizados. Esto afecta su desarrollo psicomotor, su adaptaci√≥n al medio hospitalario, su estado emocional. Adem·s significa una vulneraci√≥n a su derecho a la educaci√≥n en igualdad de condiciones que el resto de los niÒos y al derecho de disfrutar plenamente de juegos y recreaciones. Bajo n˙mero de unidades de aislamiento para pacientes inmunodeprimidos o  con enfermedades infectocontagiosas. Esto conlleva a tener que optimizar los cupos de otras salas para disminuir la exposici√≥n de los pacientes a microorganismos potencialmente daÒinos para su salud, lo cual implica un riesgo al no realizarlo en condiciones ideales. 
42;cuando los pacientes llegan sin recetas, orden m√©dica folio, folio y/o brazalete para ingresar al servicio desde poli, retrasa la atenci√≥n del paciente, ya que no siempre los residentes est√°n disponibles para hacer el ingreso de forma inmediata, si t
43;Lentitud en los procesos de agendamiento de horas de ex√°menes imagenologicos. Falta de impresoras en el servicio, actualmente solo hay una.  Capacitaciones continuas de procedimientos pediatricos para todo el personal nuevo y antiguo. 
44;1. Interrupciones en la preparaci√≥n y administraci√≥n de medicamentos por parte del estamento m√©dico, esto puede llevar a errores en la medicaci√≥n 2. Sobrecarga en n√∫mero de pacientes, al tener una alta cantidad de pacientes que atender por enfermero se dificulta muchas veces la entrega de una atenci√≥n integral 3. Falta de equipamiento ad hoc, monitores siempre fallando, falta de insumos muchas veces dificulta la atenci√≥n
45;Falta
46;1.Falta de espacio fisico para poder reunir a padres con equipo de atencion hospitalaria y ver en conjunto el plan para el paciente. Esto afecta en el paciente ya que muchas veces este escuche el plan de atencion generando temor, ansiedad y alteraciones en niveles de animo.  2. Ausencia de ba√±os para pacientes ya que actualmente se dispone de un ba√±o con 3 cupos la que no discrimina genero, afectando la intimidad de los pacientes, ya que muchas veces estan hombres y mujeres en el mismo ba√±o con el cuidado del personal a cargo. 3.Ausencia de sala de estimulacion y ludoterapia lo que afecta en los niveles de animo, manejo del dolor, considerando el contexto de pacientes sin acompa√±amiento lo que genera muchas veces que recurran al celular como metodo de distraccion a temprana edad,lo que dificulta la atencion integral. 
47;Falta de pediatra u especialistas en turno durante los fines de semana para manejo de dolor en un corto periodo de tiempo. La gesti√≥n engorrosa que existe al momento de querer trasladar pacientes oncol√≥gicos a unidades cr√≠ticas, dificultando atenci√≥n oportuna de estos pacientes.
48;1. Falta de cupos de aislamiento, pacientes ingresan con patolog√≠as infecciosas no pueden permanecer en aislamiento por falta de cupos y ponen en riesgo pacientes de otras salas. 2. Pacientes psiquiatricas hospitalizadas en el servicio no se le asigna una TENS al cuidado solamente se llama un guardia quien no tiene las competencias para acompa√±ar a la paciente y encuentro que no es su funci√≥n muchas veces no se necesita un guardia si no que una TENS lo acompa√±e . 3. Existe un excesivo recambio de personal de enfermer√≠a y tens lo que dificulta progresar en mejoras de atenci√≥n v√≠a protocolos o educaci√≥n al personal, constantemente los turnos son conformados principalmente por personal de reemplazo quien no conoce  los protocolos o cosas m√°s b√°sicas como pesar un paciente adecuadamente. Personas con Salud no compatibles con el cargo deben ser reasignadas a otras unidades para poder confirmar un equipo adecuado 
49;1..Deberia haber un espacio o una sala especial para las ni√±as,jovenes que ingresan del siquiatrico 2..las auxiliares nesesitamos,mas jarros plasticos mas cajitas plasticas para hacer los aseos concurrentes valdes plasticos..que ya no tenemos muchas cosas.. 
50;Falta de espacio f√≠sico adecuado, sala de reuni√≥n con padres, falta de acompa√±amiento completo 
51;La estructura y ba√±os del servicio 
52;Los monitores,especialmente ,los equipos de toma de presi√≥n arterial,los mangos en mal estado,las pesas,muy pocas hay que sacar de los aislamientos ,para pesar pacientes,con peso diario,las gavetas d√≥nde se guardan medicamentos quebradas ,demasiado antiguas ,en mal estado
53;Oncolog√≠a pedi√°trica y sus ingresos de sospecha. Idealmente debiera ser oncolog√≠a quienes los reciben ya que somos servicios distintos. Si eso es imposible deben comunicarse con jefatura de servicio y solicitar este cupo, no basta con que ellos lo autoricen a quien lo solicite ya que no tienen conocimiento de lo que sucede en el servicio de pediatria 
54;Cambio de monitores y mantencion. Mal estado de los monitores  puede arojar un mal diagnostico o empeorar el que ya padece . Aumentar cantidad de ba√±os del personal  .hay muchos funcionarios para solo tener dos y a veces uno  .  Ba√±os para padres .ellos estan todo el dia en el cuidado de su  hijo y tambien necesitan un ba√±o digno.  2- el tener ni√±os grandes y bebes juntos en las salas,  cuando los bebes lloran a los ni√±os m√°s grandes les molesta el llanto  3- los padres deber√≠an tener una sala de estar mientras esperan el ingreso a visita
55;1- la infraestructura del servicio, los ni√±os encuentran feo el servicio,  algunos reclaman que hay pocos ba√±os
56; Mejor calidad de los aislamientos .no tiene buena ventilacion .. no son hermeticos las puertas no se cierran  poco espacio  . Sala de procedimiento habilitar una sala    para que el paciente pueda tener una buena atencion y mantener su intimidad  durante   su examen ejemplo una puncion lumbar .
57;Camas del servicio de pediatria  ( camas en mal estado )  Ba√±os para los padres   Pintado de salas , deberian estar dise√±adas con dibujos actualizados , para un ambiente  acogedor 
58;Falta de material para la atencion de los ni√±os como monitores individuales y que sean de dos tipos para niÒos grandes y para bebes  Falta de ba√±os para los padres sobre todo los que estan en espera de los resultados del PCR son muchas horas de espera  y no pueden salir de la sala . Una sala exclusiva para pacientes psiquiatricos   para no juntarlos con los demas ni√±os por su agresividad muchas veces
59;El entorno familiar del paciente en la hospitalizaci√≥n puede dificultar la atenci√≥n de este o la recuperaci√≥n en algunos casos 
60;Falta material adecuado para los pacientes, ba√±os para los padres, salas equipadas para pacientes psiqui√°tricos
61;Estad√≠a a padres dentro de la sala que no tienen una comodidad para descansar
62; Equipos equipados y calibrados para ni√±os bajo peso o peque√±itos ya que es muy dif√≠cil tomar presi√≥n arterial a los pacientes por ejemplo bajo 3 kilos como los bebes que vienen de neo Lo mismo con la sarurometria es muy dif√≠cil tomarla con saturometros para ni√±os ya m√°s grandes  Las  cunas tengan barandas en buen estado y no suenen  al ser subidas ya que los peque√±os llegan a saltar cuando uno baja o sube las barandas 
63;Falta de insumos como pesas termometros podometros y para darle una  buena atencion a los padres de los pacientes poder brindarle mas comodidad como un sillon y un ba√±o con ducha. Remodelar las salas para que sea un ambiente grato para los ni√±os 
64;-La no existencia de turnos rotativos de kinesiolog√≠a en el servicio, somos casi el √∫nico servicio que no cuenta con kinesiologos 24/7, lo cual afecta mucho la recuperacion del paciente pediatrico sobre todo en la parte respiratoria, significando muchas
65;Veladores  .en malas Condiciones.aspecto oxidado.infraestructura en general.
66;La infraestructura y los espacios f√≠sicos del servicio de pediatr√≠a, ya que teniendo en cuenta en nivel de complejidad en la atenci√≥n de los pacientes que se reciben en el servicio de pediatr√≠a, la infraestructura resulta insuficiente para cubrir las necesidades que el paciente necesita, como oxigeno y sistema de aspiraci√≥n central en todas las salas. Tambi√©n los espacios en las salas son reducidos que hacen dif√≠cil mantener las distancias m√≠nimas entre unidas y unidad y no siempre permiten tener camas sino que solo cunas disminuyendo el rango etario para recibir pacientes. De forma recurrente tenemos dificultad para trasladar a los pacientes a ex√°menes o procedimientos ya que las puertas no son lo suficientemente amplias para que pasen las camas con facilidad, teniendo que bajar las barandas de las camas para que pasen a trav√©s de la puerta, aumentado el riesgo de ca√≠das del paciente.  Ya que la complejidad de los pacientes en el servicio pasa a ser de cuidados medios en su mayor√≠a, se hace necesario tener implementaci√≥n adecuada y en la cantidad suficiente para todos los pacientes, eso quiere decir que hayan monitores no invasivos para todos los pacientes, as√≠ como bombas de infusi√≥n y para transfusiones, bombas de alimentaci√≥n, portasueros, etc. Tambi√©n se hace necesario un espacio m√°s grande en el pasillo y con m√°s computadores (o con computadores espec√≠ficos para cada estamento) ya que durante la semana es grande la cantidad de m√©dicos tratantes y especialistas que eval√∫an a los pacientes, ocupando los computadores del servicio para evolucionar a los pacientes, haciendo que el personal de enfermer√≠a demore en revisar las indicaciones, afectando en la atenci√≥n del paciente ya que muchas veces hay tratamientos o ex√°menes que se indican o se suspenden y no siempre se les avisa verbalmente al personal a cargo de realizar estos procedimientos.  Otro aspecto importante es el ingreso de los pacientes a hospitalizarse a trav√©s de los distintos poli. Debiese desarrollarse un protocolo estandarizado para realizar las hospitalizaciones a trav√©s del poli, ya que en reiteradas ocasiones los pacientes llegan a hospitalizarse sin el conocimiento del personal del servicio ni de su ingreso, ni de su diagn√≥stico ni de el motivo de su hospitalizaci√≥n. Junto con eso no siempre traen la ficha cl√≠nica junto con el folio y brazalete, dificultando m√°s el ingreso a hospitalizado del paciente.  Otro aspecto importante es el de mejorar el sistema de registro electr√≥nico de sinetsur, espec√≠ficamente en el punto de ingresos, egresos y traslados desde y hacia otros servicios, ya que el sistema requiere muchos pasos para realizar estas acciones, que llevan mucho tiempo, entorpeciendo y demorando la atenci√≥n a los pacientes. Otro punto que considero importante es sobre el ingreso y hospitalizaci√≥n de pacientes que requieren resoluci√≥n quir√∫rgica. Los m√©dicos tratantes de estos pacientes son los cirujanos, dada la resoluci√≥n de su patolog√≠a. En este aspecto considero importante que ellos vean al paciente con una mirada m√°s integral y que no s√≥lo se enfoquen en la patolog√≠a quir√∫rgica, es decir que indiquen  por ejemplo los medicamentos de uso cr√≥nico del paciente, ya que el no administrarse puede ser perjudicial para este y no debiese ser obligaci√≥n de otros m√©dicos (pediatras por ejemplo) el agregar estas indicaciones ya que ellos no son los tratantes de estos pacientes. Asimismo deber√≠an tambi√©n dejar interconsultas al alta sobre otras especialidades si es que el paciente lo requiere, para que as√≠ no tenga que exponerse a los pacientes y sus padres tener que venir nuevamente al hospital a solicitar horas con especialistas, especialmente ahora que estamos en plena pandemia. 
